dbn,school_name,uhf_name,has_mshp,health_burden_weighted,health_burden_rank,burden_tier,asthma_ed_rate,childhood_obesity_pct,youth_mental_health_ed_rate,lead_elevated_pct,food_insecurity_pct,enrollment
75X811,P.S. X811,Hunts Point - Mott Haven,False,94.59,1,Very High,192.3,34.5,168.4,4.5,38.2,
07X223,The Laboratory School of Finance and Technology: X,Hunts Point - Mott Haven,False,94.59,1,Very High,192.3,34.5,168.4,4.5,38.2,657.0
07X221,South Bronx Preparatory: A College Board School,Hunts Point - Mott Haven,False,94.59,1,Very High,192.3,34.5,168.4,4.5,38.2,630.0
12X217,School of Performing Arts,Hunts Point - Mott Haven,True,94.59,1,Very High,192.3,34.5,168.4,4.5,38.2,156.0
07X557,Mott Haven Community High School,Hunts Point - Mott Haven,False,94.59,1,Very High,192.3,34.5,168.4,4.5,38.2,
07X043,P.S. 043 Jonas Bronck,Hunts Point - Mott Haven,False,94.59,1,Very High,192.3,34.5,168.4,4.5,38.2,394.0
08X048,P.S. 048 Joseph R. Drake,Hunts Point - Mott Haven,False,94.59,1,Very High,192.3,34.5,168.4,4.5,38.2,505.0
07X049,P.S. 049 Willis Avenue,Hunts Point - Mott Haven,False,94.59,1,Very High,192.3,34.5,168.4,4.5,38.2,531.0
75X186,P186X Walter J. Damrosch School,Hunts Point - Mott Haven,False,94.59,1,Very High,192.3,34.5,168.4,4.5,38.2,
07X179,P.S. 179,Hunts Point - Mott Haven,False,94.59,1,Very High,192.3,34.5,168.4,4.5,38.2,230.0
07X161,P.S. 161 Juan Ponce De Leon School,Hunts Point - Mott Haven,False,94.59,1,Very High,192.3,34.5,168.4,4.5,38.2,332.0
08X062,P.S. 062 Inocensio Casanova,Hunts Point - Mott Haven,False,94.59,1,Very High,192.3,34.5,168.4,4.5,38.2,486.0
07X154,P.S. 154 Jonathan D. Hyatt,Hunts Point - Mott Haven,False,94.59,1,Very High,192.3,34.5,168.4,4.5,38.2,240.0
07X065,P.S. 065 Mother Hale Academy,Hunts Point - Mott Haven,False,94.59,1,Very High,192.3,34.5,168.4,4.5,38.2,246.0
08X424,The Hunts Point School,Hunts Point - Mott Haven,False,94.59,1,Very High,192.3,34.5,168.4,4.5,38.2,182.0
12X150,P.S. 150 Charles James Fox,Hunts Point - Mott Haven,False,94.59,1,Very High,192.3,34.5,168.4,4.5,38.2,556.0
12X134,P.S. 134 George F. Bristow,Hunts Point - Mott Haven,False,94.59,1,Very High,192.3,34.5,168.4,4.5,38.2,506.0
08X075,P.S. 75 School of Research and Discovery,Hunts Point - Mott Haven,False,94.59,1,Very High,192.3,34.5,168.4,4.5,38.2,547.0
08X130,P.S. 130 Abram Stevens Hewitt,Hunts Point - Mott Haven,False,94.59,1,Very High,192.3,34.5,168.4,4.5,38.2,332.0
08X530,Longwood Preparatory Academy,Hunts Point - Mott Haven,False,94.59,1,Very High,192.3,34.5,168.4,4.5,38.2,381.0
12X446,Arturo A. Schomburg Satellite Academy Bronx,Hunts Point - Mott Haven,True,94.59,1,Very High,192.3,34.5,168.4,4.5,38.2,
07X500,Hostos-Lincoln Academy of Science,Hunts Point - Mott Haven,False,94.59,1,Very High,192.3,34.5,168.4,4.5,38.2,468.0
07X495,University Heights Secondary School,Hunts Point - Mott Haven,True,94.59,1,Very High,192.3,34.5,168.4,4.5,38.2,608.0
12X480,Bronx Regional High School,Hunts Point - Mott Haven,True,94.59,1,Very High,192.3,34.5,168.4,4.5,38.2,
07X224,P.S./I.S. 224,Hunts Point - Mott Haven,False,94.59,1,Very High,192.3,34.5,168.4,4.5,38.2,185.0
07X030,P.S. 030 Wilton,Hunts Point - Mott Haven,False,94.59,1,Very High,192.3,34.5,168.4,4.5,38.2,389.0
07X369,Young Leaders Elementary School,Hunts Point - Mott Haven,False,94.59,1,Very High,192.3,34.5,168.4,4.5,38.2,238.0
07X343,Academy of Applied Mathematics and Technology,Hunts Point - Mott Haven,False,94.59,1,Very High,192.3,34.5,168.4,4.5,38.2,285.0
08X302,M.S. 302 Luisa Dessus Cruz,Hunts Point - Mott Haven,False,94.59,1,Very High,192.3,34.5,168.4,4.5,38.2,353.0
07X005,P.S. 5 Port Morris,Hunts Point - Mott Haven,False,94.59,1,Very High,192.3,34.5,168.4,4.5,38.2,717.0
08X269,Bronx Studio School for Writers and Artists,Hunts Point - Mott Haven,False,94.59,1,Very High,192.3,34.5,168.4,4.5,38.2,615.0
75X754,J. M. Rapport School Career Development,Hunts Point - Mott Haven,False,94.59,1,Very High,192.3,34.5,168.4,4.5,38.2,
08X333,The Longwood Academy of Discovery,Hunts Point - Mott Haven,False,94.59,1,Very High,192.3,34.5,168.4,4.5,38.2,496.0
07X334,International Community High School,Hunts Point - Mott Haven,False,94.59,1,Very High,192.3,34.5,168.4,4.5,38.2,414.0
07X259,"H.E.R.O. High (Health, Education, and Research Occ",Hunts Point - Mott Haven,False,94.59,1,Very High,192.3,34.5,168.4,4.5,38.2,750.0
07X277,P.S. 277,Hunts Point - Mott Haven,False,94.59,1,Very High,192.3,34.5,168.4,4.5,38.2,388.0
07X584,I.S. 584,Hunts Point - Mott Haven,False,94.59,1,Very High,192.3,34.5,168.4,4.5,38.2,207.0
07X025,P.S. 025 Bilingual School,Hunts Point - Mott Haven,False,94.59,1,Very High,192.3,34.5,168.4,4.5,38.2,434.0
12X248,"Metropolitan High School, The",Hunts Point - Mott Haven,False,94.59,1,Very High,192.3,34.5,168.4,4.5,38.2,205.0
12X341,Accion Academy,Hunts Point - Mott Haven,True,94.59,1,Very High,192.3,34.5,168.4,4.5,38.2,214.0
07X473,Mott Haven Village Preparatory High School,Hunts Point - Mott Haven,True,94.59,1,Very High,192.3,34.5,168.4,4.5,38.2,216.0
09X260,Bronx Center for Science and Mathematics,High Bridge - Morrisania,False,80.0,2,Very High,178.0,32.8,158.3,3.8,35.8,397.0
09X132,P.S. 132 Garret A. Morgan,High Bridge - Morrisania,False,80.0,2,Very High,178.0,32.8,158.3,3.8,35.8,400.0
09X294,The Walton Avenue School,High Bridge - Morrisania,False,80.0,2,Very High,178.0,32.8,158.3,3.8,35.8,324.0
07X296,South Bronx Academy for Applied Media,High Bridge - Morrisania,False,80.0,2,Very High,178.0,32.8,158.3,3.8,35.8,183.0
12X212,P.S. 212,High Bridge - Morrisania,False,80.0,2,Very High,178.0,32.8,158.3,3.8,35.8,
09X128,Mott Hall III,High Bridge - Morrisania,False,80.0,2,Very High,178.0,32.8,158.3,3.8,35.8,294.0
09X126,P.S. 126 Dr Marjorie H Dunbar,High Bridge - Morrisania,False,80.0,2,Very High,178.0,32.8,158.3,3.8,35.8,582.0
09X443,The Family School,High Bridge - Morrisania,False,80.0,2,Very High,178.0,32.8,158.3,3.8,35.8,438.0
09X323,Bronx Writing Academy,High Bridge - Morrisania,False,80.0,2,Very High,178.0,32.8,158.3,3.8,35.8,212.0
09X114,P.S. X114 - Luis Llorens Torres Schools,High Bridge - Morrisania,False,80.0,2,Very High,178.0,32.8,158.3,3.8,35.8,540.0
09X110,P.S. 110 Theodore Schoenfeld,High Bridge - Morrisania,False,80.0,2,Very High,178.0,32.8,158.3,3.8,35.8,332.0
09X449,Grant Avenue Elementary School,High Bridge - Morrisania,False,80.0,2,Very High,178.0,32.8,158.3,3.8,35.8,384.0
09X454,Science and Technology Academy: A Mott Hall School,High Bridge - Morrisania,False,80.0,2,Very High,178.0,32.8,158.3,3.8,35.8,372.0
07X298,Academy of Public Relations,High Bridge - Morrisania,False,80.0,2,Very High,178.0,32.8,158.3,3.8,35.8,147.0
09X457,Sheridan Academy for Young Leaders,High Bridge - Morrisania,False,80.0,2,Very High,178.0,32.8,158.3,3.8,35.8,447.0
08X301,M.S. 301 Paul L. Dunbar,High Bridge - Morrisania,False,80.0,2,Very High,178.0,32.8,158.3,3.8,35.8,173.0
09X361,The Highbridge Green School,High Bridge - Morrisania,False,80.0,2,Very High,178.0,32.8,158.3,3.8,35.8,416.0
09X297,Morris Academy for Collaborative Studies,High Bridge - Morrisania,True,80.0,2,Very High,178.0,32.8,158.3,3.8,35.8,459.0
09X199,P.S. 199X - The Shakespeare School,High Bridge - Morrisania,True,80.0,2,Very High,178.0,32.8,158.3,3.8,35.8,416.0
08X140,P.S. X140 The Eagle School,High Bridge - Morrisania,False,80.0,2,Very High,178.0,32.8,158.3,3.8,35.8,390.0
09X324,Bronx Early College Academy for Teaching & Learnin,High Bridge - Morrisania,False,80.0,2,Very High,178.0,32.8,158.3,3.8,35.8,376.0
12X463,Urban Scholars Community School,High Bridge - Morrisania,True,80.0,2,Very High,178.0,32.8,158.3,3.8,35.8,322.0
07X379,Jill Chaifetz Transfer High School,High Bridge - Morrisania,False,80.0,2,Very High,178.0,32.8,158.3,3.8,35.8,
07X381,Bronx Haven High School,High Bridge - Morrisania,False,80.0,2,Very High,178.0,32.8,158.3,3.8,35.8,
09X218,P.S./I.S. 218 Rafael Hernandez Dual Language Magne,High Bridge - Morrisania,False,80.0,2,Very High,178.0,32.8,158.3,3.8,35.8,827.0
12X267,Bronx Latin,High Bridge - Morrisania,False,80.0,2,Very High,178.0,32.8,158.3,3.8,35.8,485.0
09X170,P.S. 170,High Bridge - Morrisania,False,80.0,2,Very High,178.0,32.8,158.3,3.8,35.8,152.0
09X403,Bronx International High School,High Bridge - Morrisania,True,80.0,2,Very High,178.0,32.8,158.3,3.8,35.8,466.0
08X146,P.S. 146 Edward Collins,High Bridge - Morrisania,False,80.0,2,Very High,178.0,32.8,158.3,3.8,35.8,321.0
09X404,School for Excellence,High Bridge - Morrisania,False,80.0,2,Very High,178.0,32.8,158.3,3.8,35.8,
07X157,P.S. 157 Grove Hill,High Bridge - Morrisania,False,80.0,2,Very High,178.0,32.8,158.3,3.8,35.8,414.0
09X250,Eximius College Preparatory Academy: A College Boa,High Bridge - Morrisania,False,80.0,2,Very High,178.0,32.8,158.3,3.8,35.8,377.0
07X359,Concourse Village Elementary School,High Bridge - Morrisania,False,80.0,2,Very High,178.0,32.8,158.3,3.8,35.8,218.0
09X328,New Millennium Bronx Academy of the Arts,High Bridge - Morrisania,True,80.0,2,Very High,178.0,32.8,158.3,3.8,35.8,133.0
09X327,Comprehensive Model School Project M.S. 327,High Bridge - Morrisania,True,80.0,2,Very High,178.0,32.8,158.3,3.8,35.8,697.0
07X427,Community School for Social Justice,High Bridge - Morrisania,False,80.0,2,Very High,178.0,32.8,158.3,3.8,35.8,209.0
09X215,Kappa,High Bridge - Morrisania,False,80.0,2,Very High,178.0,32.8,158.3,3.8,35.8,161.0
09X219,I.S. 219 New Venture School,High Bridge - Morrisania,False,80.0,2,Very High,178.0,32.8,158.3,3.8,35.8,274.0
07X151,J.H.S. 151 Lou Gehrig,High Bridge - Morrisania,False,80.0,2,Very High,178.0,32.8,158.3,3.8,35.8,
09X311,Lucero Elementary School,High Bridge - Morrisania,False,80.0,2,Very High,178.0,32.8,158.3,3.8,35.8,321.0
07X600,Alfred E. Smith Career and Technical Education Hig,High Bridge - Morrisania,False,80.0,2,Very High,178.0,32.8,158.3,3.8,35.8,418.0
09X011,P.S. 011 Highbridge,High Bridge - Morrisania,False,80.0,2,Very High,178.0,32.8,158.3,3.8,35.8,438.0
09X543,High School for Violin and Dance,High Bridge - Morrisania,True,80.0,2,Very High,178.0,32.8,158.3,3.8,35.8,146.0
07X670,Health Opportunities High School,High Bridge - Morrisania,False,80.0,2,Very High,178.0,32.8,158.3,3.8,35.8,253.0
09X035,P.S. 035 Franz Siegel,High Bridge - Morrisania,False,80.0,2,Very High,178.0,32.8,158.3,3.8,35.8,402.0
09X063,P.S. 063 Author's Academy,High Bridge - Morrisania,False,80.0,2,Very High,178.0,32.8,158.3,3.8,35.8,406.0
75X017,P.S. X017,High Bridge - Morrisania,False,80.0,2,Very High,178.0,32.8,158.3,3.8,35.8,
07X018,P.S. 018 John Peter Zenger,High Bridge - Morrisania,True,80.0,2,Very High,178.0,32.8,158.3,3.8,35.8,322.0
09X594,M.S. 594,High Bridge - Morrisania,True,80.0,2,Very High,178.0,32.8,158.3,3.8,35.8,158.0
09X593,South Bronx International Middle School,High Bridge - Morrisania,True,80.0,2,Very High,178.0,32.8,158.3,3.8,35.8,152.0
07X548,Careers in Sports High School,High Bridge - Morrisania,True,80.0,2,Very High,178.0,32.8,158.3,3.8,35.8,470.0
09X022,J.H.S. 022 Jordan L. Mott,High Bridge - Morrisania,False,80.0,2,Very High,178.0,32.8,158.3,3.8,35.8,303.0
09X055,P.S. 055 Benjamin Franklin,High Bridge - Morrisania,True,80.0,2,Very High,178.0,32.8,158.3,3.8,35.8,554.0
09X053,P.S. 053 Basheer Quisim,High Bridge - Morrisania,False,80.0,2,Very High,178.0,32.8,158.3,3.8,35.8,691.0
07X551,The Urban Assembly Bronx Academy of Letters,High Bridge - Morrisania,False,80.0,2,Very High,178.0,32.8,158.3,3.8,35.8,436.0
09X555,Mount Eden Children's Academy,High Bridge - Morrisania,True,80.0,2,Very High,178.0,32.8,158.3,3.8,35.8,411.0
07X029,P.S./M.S. 029 Melrose School,High Bridge - Morrisania,False,80.0,2,Very High,178.0,32.8,158.3,3.8,35.8,684.0
07X031,P.S./M.S. 031 The William Lloyd Garrison,High Bridge - Morrisania,True,80.0,2,Very High,178.0,32.8,158.3,3.8,35.8,615.0
09X073,P.S. 073 Bronx,High Bridge - Morrisania,False,80.0,2,Very High,178.0,32.8,158.3,3.8,35.8,318.0
07X527,Bronx Leadership Academy II High School,High Bridge - Morrisania,True,80.0,2,Very High,178.0,32.8,158.3,3.8,35.8,393.0
08X559,School for Tourism and Hospitality,High Bridge - Morrisania,False,80.0,2,Very High,178.0,32.8,158.3,3.8,35.8,
09X505,"Bronx School for Law, Government and Justice",High Bridge - Morrisania,False,80.0,2,Very High,178.0,32.8,158.3,3.8,35.8,714.0
07X001,P.S. 001 Courtlandt School,High Bridge - Morrisania,False,80.0,2,Very High,178.0,32.8,158.3,3.8,35.8,447.0
09X517,Frederick Douglass Academy III Secondary School,High Bridge - Morrisania,False,80.0,2,Very High,178.0,32.8,158.3,3.8,35.8,262.0
12X479,Bronx Career and College Preparatory High School,High Bridge - Morrisania,False,80.0,2,Very High,178.0,32.8,158.3,3.8,35.8,162.0
07X522,Bronx Design and Construction Academy,High Bridge - Morrisania,False,80.0,2,Very High,178.0,32.8,158.3,3.8,35.8,240.0
09X088,P.S. X088 - S. Silverstein Little Sparrow School,High Bridge - Morrisania,False,80.0,2,Very High,178.0,32.8,158.3,3.8,35.8,104.0
10X023,P.S. 023 The New Children's School,Crotona - Tremont,False,59.86,3,Moderate,171.9,31.2,142.6,3.2,32.4,387.0
09X568,Young Women's Leadership School of the Bronx,Crotona - Tremont,False,59.86,3,Moderate,171.9,31.2,142.6,3.2,32.4,504.0
09X028,P.S. 028 Mount Hope,Crotona - Tremont,True,59.86,3,Moderate,171.9,31.2,142.6,3.2,32.4,619.0
09X350,New Directions Secondary School,Crotona - Tremont,True,59.86,3,Moderate,171.9,31.2,142.6,3.2,32.4,
75X352,The Vida Bogart School for All Children,Crotona - Tremont,False,59.86,3,Moderate,171.9,31.2,142.6,3.2,32.4,
09X241,Urban Assembly School for Applied Math and Science,Crotona - Tremont,False,59.86,3,Moderate,171.9,31.2,142.6,3.2,32.4,541.0
10X009,P.S. 9 Ryer Avenue Elementary School,Crotona - Tremont,False,59.86,3,Moderate,171.9,31.2,142.6,3.2,32.4,523.0
09X232,I.S. 232,Crotona - Tremont,False,59.86,3,Moderate,171.9,31.2,142.6,3.2,32.4,279.0
12X316,Kappa III,Crotona - Tremont,False,59.86,3,Moderate,171.9,31.2,142.6,3.2,32.4,272.0
09X231,Eagle Academy for Young Men,Crotona - Tremont,False,59.86,3,Moderate,171.9,31.2,142.6,3.2,32.4,457.0
10X306,P.S. 306,Crotona - Tremont,False,59.86,3,Moderate,171.9,31.2,142.6,3.2,32.4,416.0
09X229,I.S. 229 Roland Patterson,Crotona - Tremont,True,59.86,3,Moderate,171.9,31.2,142.6,3.2,32.4,184.0
09X227,Bronx Collegiate Academy,Crotona - Tremont,True,59.86,3,Moderate,171.9,31.2,142.6,3.2,32.4,454.0
10X226,P.S. 226,Crotona - Tremont,False,59.86,3,Moderate,171.9,31.2,142.6,3.2,32.4,342.0
10X225,Theatre Arts Production Company School,Crotona - Tremont,False,59.86,3,Moderate,171.9,31.2,142.6,3.2,32.4,433.0
12X314,Fairmont Neighborhood School,Crotona - Tremont,False,59.86,3,Moderate,171.9,31.2,142.6,3.2,32.4,284.0
10X032,P.S. 032 Belmont,Crotona - Tremont,False,59.86,3,Moderate,171.9,31.2,142.6,3.2,32.4,598.0
12X251,Explorations Academy H.S.,Crotona - Tremont,True,59.86,3,Moderate,171.9,31.2,142.6,3.2,32.4,278.0
09X236,P.S. 236 Langston Hughes,Crotona - Tremont,False,59.86,3,Moderate,171.9,31.2,142.6,3.2,32.4,343.0
09X303,I.S. X303 Leadership & Community Service,Crotona - Tremont,False,59.86,3,Moderate,171.9,31.2,142.6,3.2,32.4,306.0
12X684,Wings Academy,Crotona - Tremont,False,59.86,3,Moderate,171.9,31.2,142.6,3.2,32.4,261.0
12X286,Fannie Lou Hamer Middle School,Crotona - Tremont,False,59.86,3,Moderate,171.9,31.2,142.6,3.2,32.4,271.0
12X682,Fannie Lou Hamer Freedom High School,Crotona - Tremont,False,59.86,3,Moderate,171.9,31.2,142.6,3.2,32.4,441.0
10X291,P.S. 291,Crotona - Tremont,False,59.86,3,Moderate,171.9,31.2,142.6,3.2,32.4,335.0
10X319,Providing Urban Learners Success In Education High,Crotona - Tremont,False,59.86,3,Moderate,171.9,31.2,142.6,3.2,32.4,
09X329,DreamYard Preparatory School,Crotona - Tremont,True,59.86,3,Moderate,171.9,31.2,142.6,3.2,32.4,320.0
12X691,Bronx Little School,Crotona - Tremont,False,59.86,3,Moderate,171.9,31.2,142.6,3.2,32.4,339.0
10X279,"P.S. 279 Captain Manuel Rivera, Jr.",Crotona - Tremont,False,59.86,3,Moderate,171.9,31.2,142.6,3.2,32.4,679.0
12X006,P.S. 006 West Farms,Crotona - Tremont,False,59.86,3,Moderate,171.9,31.2,142.6,3.2,32.4,493.0
09X274,The New American Academy at Roberto Clemente State,Crotona - Tremont,True,59.86,3,Moderate,171.9,31.2,142.6,3.2,32.4,381.0
09X252,Mott Hall Bronx High School,Crotona - Tremont,False,59.86,3,Moderate,171.9,31.2,142.6,3.2,32.4,335.0
12X273,Frederick Douglass Academy V. Middle School,Crotona - Tremont,False,59.86,3,Moderate,171.9,31.2,142.6,3.2,32.4,174.0
10X331,The Bronx School of Young Leaders,Crotona - Tremont,False,59.86,3,Moderate,171.9,31.2,142.6,3.2,32.4,372.0
09X004,P.S./M.S. 004 Crotona Park West,Crotona - Tremont,False,59.86,3,Moderate,171.9,31.2,142.6,3.2,32.4,251.0
10X003,P.S. 3 Raul Julia Micro Society,Crotona - Tremont,False,59.86,3,Moderate,171.9,31.2,142.6,3.2,32.4,325.0
10X015,P.S. X015 Institute for Environmental Learning,Crotona - Tremont,False,59.86,3,Moderate,171.9,31.2,142.6,3.2,32.4,396.0
12X595,P.S. 595,Crotona - Tremont,False,59.86,3,Moderate,171.9,31.2,142.6,3.2,32.4,269.0
12X318,"I.S. X318 Math, Science & Technology Through Arts",Crotona - Tremont,False,59.86,3,Moderate,171.9,31.2,142.6,3.2,32.4,301.0
09X263,Validus Preparatory Academy,Crotona - Tremont,False,59.86,3,Moderate,171.9,31.2,142.6,3.2,32.4,308.0
12X300,The School of Science and Applied Learning,Crotona - Tremont,False,59.86,3,Moderate,171.9,31.2,142.6,3.2,32.4,423.0
09X339,I.S. 339,Crotona - Tremont,True,59.86,3,Moderate,171.9,31.2,142.6,3.2,32.4,201.0
12X271,East Bronx Academy for the Future,Crotona - Tremont,False,59.86,3,Moderate,171.9,31.2,142.6,3.2,32.4,688.0
12X098,J.H.S. 098 Herman Ridder,Crotona - Tremont,False,59.86,3,Moderate,171.9,31.2,142.6,3.2,32.4,
12X214,P.S. 214,Crotona - Tremont,False,59.86,3,Moderate,171.9,31.2,142.6,3.2,32.4,927.0
09X042,P.S. 042 Claremont,Crotona - Tremont,False,59.86,3,Moderate,171.9,31.2,142.6,3.2,32.4,397.0
09X058,P.S. 058,Crotona - Tremont,False,59.86,3,Moderate,171.9,31.2,142.6,3.2,32.4,319.0
09X163,P.S. 163 Arthur A. Schomburg,Crotona - Tremont,False,59.86,3,Moderate,171.9,31.2,142.6,3.2,32.4,343.0
10X059,P.S. 059 The Community School of Technology,Crotona - Tremont,False,59.86,3,Moderate,171.9,31.2,142.6,3.2,32.4,417.0
09X412,Bronx High School of Business,Crotona - Tremont,True,59.86,3,Moderate,171.9,31.2,142.6,3.2,32.4,323.0
09X564,Claremont International HS,Crotona - Tremont,True,59.86,3,Moderate,171.9,31.2,142.6,3.2,32.4,499.0
12X061,P.S. 061 Francisco Oller,Crotona - Tremont,False,59.86,3,Moderate,171.9,31.2,142.6,3.2,32.4,195.0
12X066,P.S. 066 School of Higher Expectations,Crotona - Tremont,False,59.86,3,Moderate,171.9,31.2,142.6,3.2,32.4,521.0
12X067,P.S. 067 Mohegan School,Crotona - Tremont,False,59.86,3,Moderate,171.9,31.2,142.6,3.2,32.4,343.0
09X070,P.S. 070 Max Schoenfeld,Crotona - Tremont,False,59.86,3,Moderate,171.9,31.2,142.6,3.2,32.4,822.0
09X313,I.S. 313 School of Leadership Development,Crotona - Tremont,True,59.86,3,Moderate,171.9,31.2,142.6,3.2,32.4,124.0
12X536,P.S. 536,Crotona - Tremont,False,59.86,3,Moderate,171.9,31.2,142.6,3.2,32.4,311.0
12X531,Archer Elementary School,Crotona - Tremont,False,59.86,3,Moderate,171.9,31.2,142.6,3.2,32.4,341.0
12X129,M.S. 129 Academy for Independent Learning and Lead,Crotona - Tremont,False,59.86,3,Moderate,171.9,31.2,142.6,3.2,32.4,253.0
09X525,Bronx Leadership Academy High School,Crotona - Tremont,False,59.86,3,Moderate,171.9,31.2,142.6,3.2,32.4,393.0
10X118,J.H.S. 118 William W. Niles,Crotona - Tremont,False,59.86,3,Moderate,171.9,31.2,142.6,3.2,32.4,520.0
09X117,I.S. 117 Joseph H. Wade,Crotona - Tremont,False,59.86,3,Moderate,171.9,31.2,142.6,3.2,32.4,365.0
12X511,Bronx Envision Academy,Crotona - Tremont,True,59.86,3,Moderate,171.9,31.2,142.6,3.2,32.4,292.0
09X109,P.S. 109 Sedgwick,Crotona - Tremont,False,59.86,3,Moderate,171.9,31.2,142.6,3.2,32.4,455.0
10X447,Creston Academy,Crotona - Tremont,False,59.86,3,Moderate,171.9,31.2,142.6,3.2,32.4,433.0
10X091,P.S. 091 Bronx,Crotona - Tremont,False,59.86,3,Moderate,171.9,31.2,142.6,3.2,32.4,398.0
12X458,Samara Community School,Crotona - Tremont,False,59.86,3,Moderate,171.9,31.2,142.6,3.2,32.4,342.0
12X057,P.S. 057 Crescent,Crotona - Tremont,False,59.86,3,Moderate,171.9,31.2,142.6,3.2,32.4,408.0
10X396,P.S. 396,Crotona - Tremont,False,59.86,3,Moderate,171.9,31.2,142.6,3.2,32.4,241.0
09X413,Bronx High School for Medical Science,Crotona - Tremont,True,59.86,3,Moderate,171.9,31.2,142.6,3.2,32.4,411.0
10X391,The Angelo Patri Middle School,Crotona - Tremont,False,59.86,3,Moderate,171.9,31.2,142.6,3.2,32.4,381.0
09X204,P.S. 204 Morris Heights,Crotona - Tremont,False,59.86,3,Moderate,171.9,31.2,142.6,3.2,32.4,610.0
10X209,P.S. 209,Crotona - Tremont,False,59.86,3,Moderate,171.9,31.2,142.6,3.2,32.4,168.0
12X211,P.S. 211,Crotona - Tremont,False,59.86,3,Moderate,171.9,31.2,142.6,3.2,32.4,209.0
10X051,The Bronx STEM and Arts Academy,Crotona - Tremont,False,59.86,3,Moderate,171.9,31.2,142.6,3.2,32.4,155.0
12X190,E.S.M.T- I.S. 190,Crotona - Tremont,False,59.86,3,Moderate,171.9,31.2,142.6,3.2,32.4,243.0
75X188,P.S. X188,Crotona - Tremont,False,59.86,3,Moderate,171.9,31.2,142.6,3.2,32.4,
12X044,P.S. 044 David C. Farragut,Crotona - Tremont,False,59.86,3,Moderate,171.9,31.2,142.6,3.2,32.4,216.0
10X382,"Elementary School for Math, Science, and Technolog",Crotona - Tremont,False,59.86,3,Moderate,171.9,31.2,142.6,3.2,32.4,
12X383,Emolior Academy,Crotona - Tremont,False,59.86,3,Moderate,171.9,31.2,142.6,3.2,32.4,406.0
10X386,School for Environmental Citizenship,Crotona - Tremont,False,59.86,3,Moderate,171.9,31.2,142.6,3.2,32.4,597.0
10X390,M.S. 390,Crotona - Tremont,False,59.86,3,Moderate,171.9,31.2,142.6,3.2,32.4,333.0
09X365,Academy for Language and Technology,Crotona - Tremont,False,59.86,3,Moderate,171.9,31.2,142.6,3.2,32.4,380.0
10X565,High School for Energy and Technology,Fordham - Bronx Park,False,40.95,4,Moderate,132.4,28.4,115.3,2.1,24.5,348.0
75X469,P469X - The Bronx School for Continuous Learners,Fordham - Bronx Park,False,40.95,4,Moderate,132.4,28.4,115.3,2.1,24.5,
10X442,"Celia Cruz Bronx High School of Music, The",Fordham - Bronx Park,True,40.95,4,Moderate,132.4,28.4,115.3,2.1,24.5,410.0
11X468,Pelham Academy of Academics and Community Engageme,Fordham - Bronx Park,False,40.95,4,Moderate,132.4,28.4,115.3,2.1,24.5,298.0
10X696,High School of American Studies at Lehman College,Fordham - Bronx Park,False,40.95,4,Moderate,132.4,28.4,115.3,2.1,24.5,395.0
11X556,Bronx Park Middle School,Fordham - Bronx Park,False,40.95,4,Moderate,132.4,28.4,115.3,2.1,24.5,331.0
10X445,The Bronx High School of Science,Fordham - Bronx Park,True,40.95,4,Moderate,132.4,28.4,115.3,2.1,24.5,2958.0
10X363,Academy For Personal Leadership And Excellence,Fordham - Bronx Park,False,40.95,4,Moderate,132.4,28.4,115.3,2.1,24.5,857.0
10X524,Crotona International High School,Fordham - Bronx Park,False,40.95,4,Moderate,132.4,28.4,115.3,2.1,24.5,395.0
10X315,P.S. 315 Lab School,Fordham - Bronx Park,False,40.95,4,Moderate,132.4,28.4,115.3,2.1,24.5,217.0
11X326,Bronx Green Middle School,Fordham - Bronx Park,False,40.95,4,Moderate,132.4,28.4,115.3,2.1,24.5,380.0
10X439,Bronx High School for Law and Community Service,Fordham - Bronx Park,True,40.95,4,Moderate,132.4,28.4,115.3,2.1,24.5,381.0
10X340,P.S. 340,Fordham - Bronx Park,False,40.95,4,Moderate,132.4,28.4,115.3,2.1,24.5,604.0
11X370,Leaders of Tomorrow,Fordham - Bronx Park,True,40.95,4,Moderate,132.4,28.4,115.3,2.1,24.5,455.0
10X438,Fordham Leadership Academy,Fordham - Bronx Park,True,40.95,4,Moderate,132.4,28.4,115.3,2.1,24.5,390.0
10X374,Knowledge and Power Preparatory Academy Internatio,Fordham - Bronx Park,True,40.95,4,Moderate,132.4,28.4,115.3,2.1,24.5,477.0
10X353,World View High School,Fordham - Bronx Park,True,40.95,4,Moderate,132.4,28.4,115.3,2.1,24.5,661.0
10X434,Belmont Preparatory High School,Fordham - Bronx Park,True,40.95,4,Moderate,132.4,28.4,115.3,2.1,24.5,337.0
10X433,High School for Teaching and the Professions,Fordham - Bronx Park,True,40.95,4,Moderate,132.4,28.4,115.3,2.1,24.5,364.0
11X544,High School for Contemporary Arts,Fordham - Bronx Park,True,40.95,4,Moderate,132.4,28.4,115.3,2.1,24.5,315.0
11X545,Bronx Aerospace High School,Fordham - Bronx Park,True,40.95,4,Moderate,132.4,28.4,115.3,2.1,24.5,401.0
10X351,Bronx Collaborative High School,Fordham - Bronx Park,True,40.95,4,Moderate,132.4,28.4,115.3,2.1,24.5,465.0
10X549,Discovery High School,Fordham - Bronx Park,True,40.95,4,Moderate,132.4,28.4,115.3,2.1,24.5,411.0
10X342,International School for Liberal Arts,Fordham - Bronx Park,True,40.95,4,Moderate,132.4,28.4,115.3,2.1,24.5,494.0
10X440,DeWitt Clinton High School,Fordham - Bronx Park,True,40.95,4,Moderate,132.4,28.4,115.3,2.1,24.5,1279.0
10X437,Fordham High School for the Arts,Fordham - Bronx Park,True,40.95,4,Moderate,132.4,28.4,115.3,2.1,24.5,351.0
10X268,Kingsbridge International High School,Fordham - Bronx Park,True,40.95,4,Moderate,132.4,28.4,115.3,2.1,24.5,231.0
10X054,P.S./I.S. 54,Fordham - Bronx Park,False,40.95,4,Moderate,132.4,28.4,115.3,2.1,24.5,374.0
10X246,P.S. 246 Poe Center,Fordham - Bronx Park,False,40.95,4,Moderate,132.4,28.4,115.3,2.1,24.5,497.0
10X086,P.S. 086 Kingsbridge Heights,Fordham - Bronx Park,False,40.95,4,Moderate,132.4,28.4,115.3,2.1,24.5,1163.0
75X168,P.S. 168,Fordham - Bronx Park,False,40.95,4,Moderate,132.4,28.4,115.3,2.1,24.5,
10X243,West Bronx Academy for the Future,Fordham - Bronx Park,True,40.95,4,Moderate,132.4,28.4,115.3,2.1,24.5,597.0
11X041,P.S. 041 Gun Hill Road,Fordham - Bronx Park,False,40.95,4,Moderate,132.4,28.4,115.3,2.1,24.5,693.0
10X045,Thomas C. Giordano Middle School 45,Fordham - Bronx Park,False,40.95,4,Moderate,132.4,28.4,115.3,2.1,24.5,467.0
10X046,P.S. 046 Edgar Allan Poe,Fordham - Bronx Park,False,40.95,4,Moderate,132.4,28.4,115.3,2.1,24.5,663.0
10X228,Jonas Bronck Academy,Fordham - Bronx Park,False,40.95,4,Moderate,132.4,28.4,115.3,2.1,24.5,396.0
11X096,P.S. 096 Richard Rodgers,Fordham - Bronx Park,False,40.95,4,Moderate,132.4,28.4,115.3,2.1,24.5,938.0
10X056,P.S. 056 Norwood Heights,Fordham - Bronx Park,False,40.95,4,Moderate,132.4,28.4,115.3,2.1,24.5,662.0
10X206,I.S. 206 Ann Mersereau,Fordham - Bronx Park,False,40.95,4,Moderate,132.4,28.4,115.3,2.1,24.5,258.0
10X094,P.S. 094 Kings College School,Fordham - Bronx Park,False,40.95,4,Moderate,132.4,28.4,115.3,2.1,24.5,813.0
10X205,P.S. 205 Fiorello LaGuardia,Fordham - Bronx Park,False,40.95,4,Moderate,132.4,28.4,115.3,2.1,24.5,594.0
10X077,Bedford Park Elementary School,Fordham - Bronx Park,False,40.95,4,Moderate,132.4,28.4,115.3,2.1,24.5,468.0
10X080,J.H.S. 080 The Mosholu Parkway,Fordham - Bronx Park,False,40.95,4,Moderate,132.4,28.4,115.3,2.1,24.5,621.0
10X033,P.S. 033 Timothy Dwight,Fordham - Bronx Park,False,40.95,4,Moderate,132.4,28.4,115.3,2.1,24.5,849.0
11X253,Bronx High School for Writing and Communication Ar,Fordham - Bronx Park,False,40.95,4,Moderate,132.4,28.4,115.3,2.1,24.5,
10X085,P.S. 085 Great Expectations,Fordham - Bronx Park,True,40.95,4,Moderate,132.4,28.4,115.3,2.1,24.5,786.0
11X275,High School of Computers and Technology,Fordham - Bronx Park,True,40.95,4,Moderate,132.4,28.4,115.3,2.1,24.5,514.0
11X290,Bronx Academy of Health Careers,Fordham - Bronx Park,True,40.95,4,Moderate,132.4,28.4,115.3,2.1,24.5,334.0
10X254,I.S. 254,Fordham - Bronx Park,False,40.95,4,Moderate,132.4,28.4,115.3,2.1,24.5,452.0
11X287,North Bronx School of Empowerment,Fordham - Bronx Park,True,40.95,4,Moderate,132.4,28.4,115.3,2.1,24.5,377.0
10X280,P.S./M.S. 280 Mosholu Parkway,Fordham - Bronx Park,False,40.95,4,Moderate,132.4,28.4,115.3,2.1,24.5,727.0
10X307,Luisa Pineiro Fuentes School of Science and Discov,Fordham - Bronx Park,False,40.95,4,Moderate,132.4,28.4,115.3,2.1,24.5,
10X020,"PS/MS 20 P.O.George J. Werdann, III",Fordham - Bronx Park,False,40.95,4,Moderate,132.4,28.4,115.3,2.1,24.5,863.0
10X159,P.S. 159 Luis Munoz Marin Biling,Fordham - Bronx Park,False,40.95,4,Moderate,132.4,28.4,115.3,2.1,24.5,146.0
11X265,Bronx Lab School,Fordham - Bronx Park,True,40.95,4,Moderate,132.4,28.4,115.3,2.1,24.5,292.0
10X264,Bronx Academy for Software Engineering (BASE),Fordham - Bronx Park,False,40.95,4,Moderate,132.4,28.4,115.3,2.1,24.5,390.0
10X308,Bronx Dance Academy School,Fordham - Bronx Park,False,40.95,4,Moderate,132.4,28.4,115.3,2.1,24.5,277.0
10X008,P.S. 008 Isaac Varian,Fordham - Bronx Park,True,40.95,4,Moderate,132.4,28.4,115.3,2.1,24.5,692.0
08X119,The Dr. Emmett W. Bassett School,Pelham - Throgs Neck,False,21.76,5,Low,98.3,24.1,102.1,1.5,20.1,565.0
08X093,P.S. 093 Albert G. Oliver,Pelham - Throgs Neck,False,21.76,5,Low,98.3,24.1,102.1,1.5,20.1,404.0
11X481,The STEAM Bridge School,Pelham - Throgs Neck,False,21.76,5,Low,98.3,24.1,102.1,1.5,20.1,287.0
08X123,J.H.S. 123 James M. Kieran,Pelham - Throgs Neck,False,21.76,5,Low,98.3,24.1,102.1,1.5,20.1,511.0
11X498,P.S./M.S. 11X498 - Van Nest Academy,Pelham - Throgs Neck,False,21.76,5,Low,98.3,24.1,102.1,1.5,20.1,615.0
08X100,P.S. 100 Isaac Clason,Pelham - Throgs Neck,False,21.76,5,Low,98.3,24.1,102.1,1.5,20.1,472.0
11X108,P.S. 108 Philip J. Abinanti,Pelham - Throgs Neck,False,21.76,5,Low,98.3,24.1,102.1,1.5,20.1,711.0
08X312,Millennium Art Academy,Pelham - Throgs Neck,True,21.76,5,Low,98.3,24.1,102.1,1.5,20.1,356.0
08X467,Mott Hall Community School,Pelham - Throgs Neck,False,21.76,5,Low,98.3,24.1,102.1,1.5,20.1,284.0
08X107,P.S. 107,Pelham - Throgs Neck,False,21.76,5,Low,98.3,24.1,102.1,1.5,20.1,451.0
08X101,M.S. X101 Edward R. Byrne,Pelham - Throgs Neck,False,21.76,5,Low,98.3,24.1,102.1,1.5,20.1,588.0
11X105,P.S. 105 Sen Abraham Bernstein,Pelham - Throgs Neck,True,21.76,5,Low,98.3,24.1,102.1,1.5,20.1,727.0
08X452,Gotham Collaborative High School,Pelham - Throgs Neck,True,21.76,5,Low,98.3,24.1,102.1,1.5,20.1,336.0
12X478,The Cinema School,Pelham - Throgs Neck,False,21.76,5,Low,98.3,24.1,102.1,1.5,20.1,319.0
11X106,P.S. 106 Parkchester,Pelham - Throgs Neck,False,21.76,5,Low,98.3,24.1,102.1,1.5,20.1,895.0
08X448,Soundview Academy for Culture and Scholarship,Pelham - Throgs Neck,False,21.76,5,Low,98.3,24.1,102.1,1.5,20.1,255.0
11X083,P.S. 083 Donald Hertz,Pelham - Throgs Neck,False,21.76,5,Low,98.3,24.1,102.1,1.5,20.1,1579.0
75X721,P.S. X721 - Stephen McSweeney School,Pelham - Throgs Neck,False,21.76,5,Low,98.3,24.1,102.1,1.5,20.1,
75M501,Home Instruction,Pelham - Throgs Neck,False,21.76,5,Low,98.3,24.1,102.1,1.5,20.1,
75X010,P.S. X010,Pelham - Throgs Neck,False,21.76,5,Low,98.3,24.1,102.1,1.5,20.1,
75X012,P.S. X012 Lewis and Clark School,Pelham - Throgs Neck,False,21.76,5,Low,98.3,24.1,102.1,1.5,20.1,
08X014,P.S. X014 Senator John Calandra,Pelham - Throgs Neck,False,21.76,5,Low,98.3,24.1,102.1,1.5,20.1,764.0
08X583,P.S. 583,Pelham - Throgs Neck,False,21.76,5,Low,98.3,24.1,102.1,1.5,20.1,460.0
11X567,Linden Tree Elementary School,Pelham - Throgs Neck,False,21.76,5,Low,98.3,24.1,102.1,1.5,20.1,349.0
08X036,P.S. 036 Unionport,Pelham - Throgs Neck,False,21.76,5,Low,98.3,24.1,102.1,1.5,20.1,730.0
12X521,The Metropolitan Soundview High School,Pelham - Throgs Neck,False,21.76,5,Low,98.3,24.1,102.1,1.5,20.1,403.0
08X562,Blueprint Middle School,Pelham - Throgs Neck,False,21.76,5,Low,98.3,24.1,102.1,1.5,20.1,597.0
08X558,Westchester Square Academy,Pelham - Throgs Neck,True,21.76,5,Low,98.3,24.1,102.1,1.5,20.1,427.0
12X047,P.S. 047 John Randolph,Pelham - Throgs Neck,False,21.76,5,Low,98.3,24.1,102.1,1.5,20.1,868.0
12X550,High School of World Cultures,Pelham - Throgs Neck,False,21.76,5,Low,98.3,24.1,102.1,1.5,20.1,418.0
11X127,J.H.S. 127 The Castle Hill,Pelham - Throgs Neck,False,21.76,5,Low,98.3,24.1,102.1,1.5,20.1,839.0
08X069,P.S. 069 Journey Prep School,Pelham - Throgs Neck,False,21.76,5,Low,98.3,24.1,102.1,1.5,20.1,508.0
08X071,P.S. 071 Rose E. Scala,Pelham - Throgs Neck,False,21.76,5,Low,98.3,24.1,102.1,1.5,20.1,1139.0
08X537,Bronx Arena High School,Pelham - Throgs Neck,False,21.76,5,Low,98.3,24.1,102.1,1.5,20.1,
08X072,P.S. 072 Dr. William Dorney,Pelham - Throgs Neck,False,21.76,5,Low,98.3,24.1,102.1,1.5,20.1,647.0
08X561,Bronx Compass High School,Pelham - Throgs Neck,True,21.76,5,Low,98.3,24.1,102.1,1.5,20.1,435.0
08X131,J.H.S. 131 Albert Einstein,Pelham - Throgs Neck,False,21.76,5,Low,98.3,24.1,102.1,1.5,20.1,343.0
75M401,Hospital Schools,Pelham - Throgs Neck,False,21.76,5,Low,98.3,24.1,102.1,1.5,20.1,
08X375,The Bronx Mathematics Preparatory School,Pelham - Throgs Neck,True,21.76,5,Low,98.3,24.1,102.1,1.5,20.1,216.0
08X293,Renaissance High School for Musical Theater and th,Pelham - Throgs Neck,True,21.76,5,Low,98.3,24.1,102.1,1.5,20.1,405.0
08X367,"Archimedes Academy for Math, Science and Technolog",Pelham - Throgs Neck,True,21.76,5,Low,98.3,24.1,102.1,1.5,20.1,499.0
12X388,Pan American International High School at Monroe,Pelham - Throgs Neck,False,21.76,5,Low,98.3,24.1,102.1,1.5,20.1,389.0
08X371,Urban Institute of Mathematics,Pelham - Throgs Neck,False,21.76,5,Low,98.3,24.1,102.1,1.5,20.1,402.0
08X320,Pelham Lab High School,Pelham - Throgs Neck,True,21.76,5,Low,98.3,24.1,102.1,1.5,20.1,335.0
08X304,P.S. 304 Early Childhood School,Pelham - Throgs Neck,False,21.76,5,Low,98.3,24.1,102.1,1.5,20.1,586.0
08X392,Bronx Delta School,Pelham - Throgs Neck,False,21.76,5,Low,98.3,24.1,102.1,1.5,20.1,430.0
11X175,P.S. 175 City Island,Pelham - Throgs Neck,False,21.76,5,Low,98.3,24.1,102.1,1.5,20.1,280.0
11X357,Young Voices Academy of the Bronx,Pelham - Throgs Neck,False,21.76,5,Low,98.3,24.1,102.1,1.5,20.1,403.0
12X195,P.S. 195,Pelham - Throgs Neck,False,21.76,5,Low,98.3,24.1,102.1,1.5,20.1,765.0
12X196,P.S. 196,Pelham - Throgs Neck,False,21.76,5,Low,98.3,24.1,102.1,1.5,20.1,744.0
08X337,The School for Inquiry and Social Justice,Pelham - Throgs Neck,False,21.76,5,Low,98.3,24.1,102.1,1.5,20.1,404.0
08X138,P.S. 138 Samuel Randall,Pelham - Throgs Neck,False,21.76,5,Low,98.3,24.1,102.1,1.5,20.1,556.0
08X405,Herbert H. Lehman High School,Pelham - Throgs Neck,True,21.76,5,Low,98.3,24.1,102.1,1.5,20.1,1128.0
08X282,Women's Academy of Excellence,Pelham - Throgs Neck,True,21.76,5,Low,98.3,24.1,102.1,1.5,20.1,202.0
11X418,Bronx High School for the Visual Arts,Pelham - Throgs Neck,False,21.76,5,Low,98.3,24.1,102.1,1.5,20.1,430.0
08X349,Bronx River High School,Pelham - Throgs Neck,True,21.76,5,Low,98.3,24.1,102.1,1.5,20.1,430.0
08X152,P.S. 152 Evergreen,Pelham - Throgs Neck,False,21.76,5,Low,98.3,24.1,102.1,1.5,20.1,727.0
08X348,Schuylerville Preparatory High School,Pelham - Throgs Neck,True,21.76,5,Low,98.3,24.1,102.1,1.5,20.1,352.0
11X194,P.S./M.S. 194,Pelham - Throgs Neck,False,21.76,5,Low,98.3,24.1,102.1,1.5,20.1,1243.0
08X432,Bronx Bridges High School,Pelham - Throgs Neck,True,21.76,5,Low,98.3,24.1,102.1,1.5,20.1,401.0
08X377,Bronx Community High School,Pelham - Throgs Neck,True,21.76,5,Low,98.3,24.1,102.1,1.5,20.1,
08X376,Antonia Pantoja Preparatory Academy: A College Boa,Pelham - Throgs Neck,True,21.76,5,Low,98.3,24.1,102.1,1.5,20.1,429.0
12X242,Mott Hall V,Pelham - Throgs Neck,False,21.76,5,Low,98.3,24.1,102.1,1.5,20.1,662.0
08X182,P.S. 182,Pelham - Throgs Neck,False,21.76,5,Low,98.3,24.1,102.1,1.5,20.1,440.0
11X076,P.S. 076 The Bennington School,Northeast Bronx,False,14.73,6,Very Low,104.6,22.3,98.4,1.2,18.2,648.0
11X532,Baychester Middle School,Northeast Bronx,True,14.73,6,Very Low,104.6,22.3,98.4,1.2,18.2,313.0
11X529,One World Middle School at Edenwald,Northeast Bronx,True,14.73,6,Very Low,104.6,22.3,98.4,1.2,18.2,334.0
11X068,P.S. 068 Bronx,Northeast Bronx,False,14.73,6,Very Low,104.6,22.3,98.4,1.2,18.2,540.0
11X078,P.S. 078 Anne Hutchinson,Northeast Bronx,False,14.73,6,Very Low,104.6,22.3,98.4,1.2,18.2,718.0
75X596,P.S. X596,Northeast Bronx,False,14.73,6,Very Low,104.6,22.3,98.4,1.2,18.2,
11X355,Bronx Alliance Middle School,Northeast Bronx,True,14.73,6,Very Low,104.6,22.3,98.4,1.2,18.2,209.0
11X016,P.S. 016 Wakefield,Northeast Bronx,False,14.73,6,Very Low,104.6,22.3,98.4,1.2,18.2,390.0
11X019,P.S. 019 Judith K. Weiss,Northeast Bronx,False,14.73,6,Very Low,104.6,22.3,98.4,1.2,18.2,702.0
11X021,P.S. 021 Philip H. Sheridan,Northeast Bronx,False,14.73,6,Very Low,104.6,22.3,98.4,1.2,18.2,466.0
11X249,Bronx Health Sciences High School,Northeast Bronx,False,14.73,6,Very Low,104.6,22.3,98.4,1.2,18.2,361.0
11X566,Pelham Gardens Middle School,Northeast Bronx,False,14.73,6,Very Low,104.6,22.3,98.4,1.2,18.2,323.0
11X542,Pelham Preparatory Academy,Northeast Bronx,True,14.73,6,Very Low,104.6,22.3,98.4,1.2,18.2,474.0
11X288,Collegiate Institute for Math and Science,Northeast Bronx,True,14.73,6,Very Low,104.6,22.3,98.4,1.2,18.2,584.0
11X513,New World High School,Northeast Bronx,False,14.73,6,Very Low,104.6,22.3,98.4,1.2,18.2,324.0
11X514,The Bronxwood Preparatory Academy,Northeast Bronx,False,14.73,6,Very Low,104.6,22.3,98.4,1.2,18.2,429.0
11X144,J.H.S. 144 Michelangelo,Northeast Bronx,False,14.73,6,Very Low,104.6,22.3,98.4,1.2,18.2,410.0
11X121,P.S. 121 Throop,Northeast Bronx,False,14.73,6,Very Low,104.6,22.3,98.4,1.2,18.2,654.0
11X112,P.S. 112 Bronxwood,Northeast Bronx,False,14.73,6,Very Low,104.6,22.3,98.4,1.2,18.2,398.0
11X111,P.S. 111 Seton Falls,Northeast Bronx,False,14.73,6,Very Low,104.6,22.3,98.4,1.2,18.2,448.0
11X153,P.S. 153 Helen Keller,Northeast Bronx,False,14.73,6,Very Low,104.6,22.3,98.4,1.2,18.2,458.0
11X160,P.S. 160 Walt Disney,Northeast Bronx,False,14.73,6,Very Low,104.6,22.3,98.4,1.2,18.2,305.0
11X455,Harry S Truman High School,Northeast Bronx,False,14.73,6,Very Low,104.6,22.3,98.4,1.2,18.2,1806.0
11X169,Baychester Academy,Northeast Bronx,False,14.73,6,Very Low,104.6,22.3,98.4,1.2,18.2,382.0
11X103,P.S. 103 Hector Fontanez,Northeast Bronx,False,14.73,6,Very Low,104.6,22.3,98.4,1.2,18.2,881.0
11X462,Cornerstone Academy for Social Action Middle Schoo,Northeast Bronx,False,14.73,6,Very Low,104.6,22.3,98.4,1.2,18.2,179.0
75X723,P.S. 723,Northeast Bronx,False,14.73,6,Very Low,104.6,22.3,98.4,1.2,18.2,
11X097,P.S. 097 Bronx,Northeast Bronx,False,14.73,6,Very Low,104.6,22.3,98.4,1.2,18.2,627.0
75X176,P.S. X176,Northeast Bronx,False,14.73,6,Very Low,104.6,22.3,98.4,1.2,18.2,
11X178,P.S. 178 - Dr. Selman Waksman,Northeast Bronx,False,14.73,6,Very Low,104.6,22.3,98.4,1.2,18.2,371.0
11X299,Astor Collegiate Academy,Northeast Bronx,True,14.73,6,Very Low,104.6,22.3,98.4,1.2,18.2,447.0
11X180,M.S. 180 Dr. Daniel Hale Williams,Northeast Bronx,False,14.73,6,Very Low,104.6,22.3,98.4,1.2,18.2,802.0
11X483,The Matilda Avenue School,Northeast Bronx,False,14.73,6,Very Low,104.6,22.3,98.4,1.2,18.2,256.0
11X181,I.S. 181 Pablo Casals,Northeast Bronx,False,14.73,6,Very Low,104.6,22.3,98.4,1.2,18.2,509.0
11X089,P.S. 089 Bronx,Northeast Bronx,False,14.73,6,Very Low,104.6,22.3,98.4,1.2,18.2,1254.0
11X087,P.S. 087 Bronx,Northeast Bronx,False,14.73,6,Very Low,104.6,22.3,98.4,1.2,18.2,348.0
11X508,Bronxdale High School,Northeast Bronx,True,14.73,6,Very Low,104.6,22.3,98.4,1.2,18.2,409.0
11X509,High School of Language and Innovation,Northeast Bronx,True,14.73,6,Very Low,104.6,22.3,98.4,1.2,18.2,434.0
11X189,Cornerstone Academy for Social Action,Northeast Bronx,False,14.73,6,Very Low,104.6,22.3,98.4,1.2,18.2,287.0
11X270,Academy for Scholarship and Entrepreneurship: A Co,Northeast Bronx,False,14.73,6,Very Low,104.6,22.3,98.4,1.2,18.2,469.0
10X007,Milton Fein School,Kingsbridge - Riverdale,False,2.57,7,Very Low,44.8,18.5,85.2,0.8,12.5,391.0
10X284,Bronx School of Law and Finance,Kingsbridge - Riverdale,False,2.57,7,Very Low,44.8,18.5,85.2,0.8,12.5,362.0
10X141,Riverdale / Kingsbridge Academy (Middle School / H,Kingsbridge - Riverdale,False,2.57,7,Very Low,44.8,18.5,85.2,0.8,12.5,1425.0
10X344,Ampark Neighborhood,Kingsbridge - Riverdale,True,2.57,7,Very Low,44.8,18.5,85.2,0.8,12.5,310.0
10X037,P.S. X037 - Multiple Intelligence School,Kingsbridge - Riverdale,False,2.57,7,Very Low,44.8,18.5,85.2,0.8,12.5,485.0
10X244,The New School for Leadership and Journalism,Kingsbridge - Riverdale,False,2.57,7,Very Low,44.8,18.5,85.2,0.8,12.5,615.0
10X237,"The Marie Curie School for Medicine, Nursing, and",Kingsbridge - Riverdale,False,2.57,7,Very Low,44.8,18.5,85.2,0.8,12.5,287.0
10X360,P.S. 360,Kingsbridge - Riverdale,False,2.57,7,Very Low,44.8,18.5,85.2,0.8,12.5,305.0
10X213,Bronx Engineering and Technology Academy,Kingsbridge - Riverdale,False,2.57,7,Very Low,44.8,18.5,85.2,0.8,12.5,344.0
10X207,P.S. 207,Kingsbridge - Riverdale,False,2.57,7,Very Low,44.8,18.5,85.2,0.8,12.5,423.0
10X546,Bronx Theatre High School,Kingsbridge - Riverdale,False,2.57,7,Very Low,44.8,18.5,85.2,0.8,12.5,249.0
10X368,In-Tech Academy (M.S. / High School 368),Kingsbridge - Riverdale,False,2.57,7,Very Low,44.8,18.5,85.2,0.8,12.5,995.0
10X081,P.S. 081 Robert J. Christen,Kingsbridge - Riverdale,False,2.57,7,Very Low,44.8,18.5,85.2,0.8,12.5,734.0
10X095,P.S. 095 Sheila Mencher,Kingsbridge - Riverdale,True,2.57,7,Very Low,44.8,18.5,85.2,0.8,12.5,924.0
10X477,Marble Hill High School for International Studies,Kingsbridge - Riverdale,False,2.57,7,Very Low,44.8,18.5,85.2,0.8,12.5,403.0
10X397,English Language Learners and International Suppor,Kingsbridge - Riverdale,False,2.57,7,Very Low,44.8,18.5,85.2,0.8,12.5,
10X024,P.S. 024 Spuyten Duyvil,Kingsbridge - Riverdale,False,2.57,7,Very Low,44.8,18.5,85.2,0.8,12.5,755.0
10X310,P.S. 310 Marble Hill,Kingsbridge - Riverdale,False,2.57,7,Very Low,44.8,18.5,85.2,0.8,12.5,471.0
